audio_file,spanish_transcription,english_translation,language_detected
q10_es.wav,muéstramen los valores histólicos más altos y más bajos registrados hasta el momento. ¿Cuál es el máximo y el mínimo de presión arterial diastólica y sistólica este mes?,"""Show me the highest and lowest historical values recorded to date. What are the maximum and minimum diastolic and systolic blood pressure readings for this month?""",es
q2_es.wav,¿Cuáles fueron mis lecturas de presión arterial durante la última semana?,What were my blood pressure readings during the last week?,es
q3_es.wav,¿Cuál es la tendencia general de mi presión arterial este mes?,What is the general trend of my blood pressure this month?,es
q4_es.wav,¿Cuáles son los rango normales de presión arterial para una persona de mi edad?,What are the normal blood pressure ranges for a person my age?,es
q5_es.wav,¿Cuál era mi presión arterial el 10 de octubre?,What was my blood pressure on October 10th?,es
q6_es.wav,¿Cuál fue mi presión arterial cistólica el 12 de octubre? ¿Cuál fue mi presión arterial diastólica el 30 de septiembre? ¿En qué día mi presión cistólica superó los 140 milímetros HG?,What was my systolic blood pressure on October 12? What was my diastolic blood pressure on September 30? On which day did my systolic pressure exceed 140 millimeters of mercury?,es
q7_es.wav,Compare mi presión arterial promedio desde la primera semana hasta la última semana de este mes.,"""Compare my average blood pressure from the first week to the last week of this month.""",es
q8_es.wav,¿Cuál fue la presión arterial diastólica más baja registrada este mes?,What was the lowest recorded diastolic blood pressure this month?,es
q9_es.wav,¿Ha mejorado mi presión arterial en comparación con el mes pasado?,"""Has my blood pressure improved compared to last month?""",es
