question_number,audio_file_in,spanish_question,english_question,english_answer,spanish_answer,audio_file,computed_fields
1,q10_es.wav,muéstramen los valores histólicos más altos y más bajos registrados hasta el momento. ¿Cuál es el máximo y el mínimo de presión arterial diastólica y sistólica este mes?,"""Show me the highest and lowest historical values recorded to date. What are the maximum and minimum diastolic and systolic blood pressure readings for this month?""","The highest systolic blood pressure recorded to date is 164 mmHg, and the lowest is 110 mmHg. For this month, the maximum systolic reading is 164 mmHg, and the minimum is 110 mmHg. The highest diastolic reading recorded is 102 mmHg, and the lowest is 68 mmHg. For this month, the maximum diastolic reading is 102 mmHg, and the minimum is 68 mmHg.","La presión arterial sistólica más alta registrada hasta la fecha es de 164 mmHg, y la más baja es de 110 mmHg. Este mes, la lectura sistólica máxima es de 164 mmHg y la mínima es de 110 mmHg. La lectura diastólica más alta registrada es de 102 mmHg, y la más baja es de 68 mmHg. Este mes, la lectura diastólica máxima es de 102 mmHg y la mínima es de 68 mmHg.",/content/drive/MyDrive/HealthTequity-LLM/results/tts_audio/answer_1_es.wav,"{""max_systolic"": 164, ""min_systolic"": 110, ""max_diastolic"": 102, ""min_diastolic"": 68}"
2,q2_es.wav,¿Cuáles fueron mis lecturas de presión arterial durante la última semana?,What were my blood pressure readings during the last week?,"During the last week, your blood pressure readings were as follows: On October 10, your systolic was 160 mmHg and diastolic was 101 mmHg, categorized as hypertensive. On October 11, it was 152 mmHg systolic and 94 mmHg diastolic, also hypertensive. On October 12, your readings were 157 mmHg systolic and 98 mmHg diastolic, again hypertensive. On October 13, it was 144 mmHg systolic and 100 mmHg diastolic, still hypertensive. On October 14, your systolic was 145 mmHg and diastolic was 91 mmHg, categorized as hypertensive. On October 15, your readings were 124 mmHg systolic and 81 mmHg diastolic, categorized as elevated. Finally, on October 16, your systolic was 110 mmHg and diastolic was 76 mmHg, categorized as normal.","Durante la última semana, tus lecturas de presión arterial fueron las siguientes: El 10 de octubre, tu presión sistólica fue de 160 mmHg y la diastólica de 101 mmHg, lo que se clasifica como hipertensiva. El 11 de octubre, fue de 152 mmHg sistólica y 94 mmHg diastólica, también hipertensiva. El 12 de octubre, tus lecturas fueron de 157 mmHg sistólica y 98 mmHg diastólica, nuevamente hipertensiva. El 13 de octubre, fue de 144 mmHg sistólica y 100 mmHg diastólica, todavía hipertensiva. El 14 de octubre, tu presión sistólica fue de 145 mmHg y la diastólica de 91 mmHg, clasificada como hipertensiva. El 15 de octubre, tus lecturas fueron de 124 mmHg sistólica y 81 mmHg diastólica, clasificadas como elevadas. Finalmente, el 16 de octubre, tu presión sistólica fue de 110 mmHg y la diastólica de 76 mmHg, clasificada como normal.",/content/drive/MyDrive/HealthTequity-LLM/results/tts_audio/answer_2_es.wav,"{""readings"": [{""date"": ""October 10"", ""systolic_mmHg"": 160, ""diastolic_mmHg"": 101, ""category"": ""hypertensive""}, {""date"": ""October 11"", ""systolic_mmHg"": 152, ""diastolic_mmHg"": 94, ""category"": ""hypertensive""}, {""date"": ""October 12"", ""systolic_mmHg"": 157, ""diastolic_mmHg"": 98, ""category"": ""hypertensive""}, {""date"": ""October 13"", ""systolic_mmHg"": 144, ""diastolic_mmHg"": 100, ""category"": ""hypertensive""}, {""date"": ""October 14"", ""systolic_mmHg"": 145, ""diastolic_mmHg"": 91, ""category"": ""hypertensive""}, {""date"": ""October 15"", ""systolic_mmHg"": 124, ""diastolic_mmHg"": 81, ""category"": ""elevated""}, {""date"": ""October 16"", ""systolic_mmHg"": 110, ""diastolic_mmHg"": 76, ""category"": ""normal""}]}"
3,q3_es.wav,¿Cuál es la tendencia general de mi presión arterial este mes?,What is the general trend of my blood pressure this month?,"This month, your blood pressure readings show a concerning trend. You started with some elevated readings at the beginning of October, with systolic values reaching as high as 164 mmHg and diastolic values up to 102 mmHg. However, there were also some normal readings, such as 124/81 mmHg on October 15 and 110/76 mmHg on October 16. Overall, the trend indicates fluctuating blood pressure, with several hypertensive readings, particularly in the first half of the month.","Este mes, las lecturas de su presión arterial muestran una tendencia preocupante. Comenzó con algunas lecturas elevadas a principios de octubre, con valores sistólicos que alcanzaron hasta 164 mmHg y valores diastólicos de hasta 102 mmHg. Sin embargo, también hubo algunas lecturas normales, como 124/81 mmHg el 15 de octubre y 110/76 mmHg el 16 de octubre. En general, la tendencia indica una presión arterial fluctuante, con varias lecturas hipertensivas, especialmente en la primera mitad del mes.",/content/drive/MyDrive/HealthTequity-LLM/results/tts_audio/answer_3_es.wav,"{""highest_systolic"": 164, ""highest_diastolic"": 102, ""lowest_systolic"": 110, ""lowest_diastolic"": 76, ""elevated_readings_count"": 8, ""hypertensive_readings_count"": 8, ""normal_readings_count"": 6}"
4,q4_es.wav,¿Cuáles son los rango normales de presión arterial para una persona de mi edad?,What are the normal blood pressure ranges for a person my age?,"For a person aged 68, normal blood pressure ranges are typically considered to be a systolic pressure of less than 120 mmHg and a diastolic pressure of less than 80 mmHg. This information is based on guidelines from the American Heart Association.","Para una persona de 68 años, los rangos normales de presión arterial se consideran típicamente una presión sistólica de menos de 120 mmHg y una presión diastólica de menos de 80 mmHg. Esta información se basa en las pautas de la Asociación Americana del Corazón.",/content/drive/MyDrive/HealthTequity-LLM/results/tts_audio/answer_4_es.wav,{}
5,q5_es.wav,¿Cuál era mi presión arterial el 10 de octubre?,What was my blood pressure on October 10th?,Your blood pressure on October 10th was 160 systolic and 101 diastolic mmHg.,Tu presión arterial el 10 de octubre fue de 160 mmHg sistólica y 101 mmHg diastólica.,/content/drive/MyDrive/HealthTequity-LLM/results/tts_audio/answer_5_es.wav,"{""systolic_mmHg"": 160, ""diastolic_mmHg"": 101, ""date"": ""2025-10-10""}"
6,q6_es.wav,¿Cuál fue mi presión arterial cistólica el 12 de octubre? ¿Cuál fue mi presión arterial diastólica el 30 de septiembre? ¿En qué día mi presión cistólica superó los 140 milímetros HG?,What was my systolic blood pressure on October 12? What was my diastolic blood pressure on September 30? On which day did my systolic pressure exceed 140 millimeters of mercury?,"Your systolic blood pressure on October 12 was 157 mmHg. Your diastolic blood pressure on September 30 was 98 mmHg. Your systolic pressure exceeded 140 mmHg on September 24, September 25, September 26, September 28, September 30, October 8, October 9, October 10, October 11, and October 12.","Tu presión arterial sistólica el 12 de octubre fue de 157 mmHg. Tu presión arterial diastólica el 30 de septiembre fue de 98 mmHg. Tu presión sistólica superó los 140 mmHg el 24 de septiembre, 25 de septiembre, 26 de septiembre, 28 de septiembre, 30 de septiembre, 8 de octubre, 9 de octubre, 10 de octubre, 11 de octubre y 12 de octubre.",/content/drive/MyDrive/HealthTequity-LLM/results/tts_audio/answer_6_es.wav,"{""systolic_October_12"": 157, ""diastolic_September_30"": 98, ""days_exceeding_140"": [""September 24"", ""September 25"", ""September 26"", ""September 28"", ""September 30"", ""October 8"", ""October 9"", ""October 10"", ""October 11"", ""October 12""]}"
7,q7_es.wav,Compare mi presión arterial promedio desde la primera semana hasta la última semana de este mes.,"""Compare my average blood pressure from the first week to the last week of this month.""","In the first week of October, your average blood pressure readings were a systolic of 118.57 mmHg and a diastolic of 76.14 mmHg. In the last week of October, your average readings were a systolic of 144.57 mmHg and a diastolic of 95.14 mmHg. This shows an increase in both systolic and diastolic pressures from the first week to the last week of the month.","En la primera semana de octubre, tus lecturas promedio de presión arterial fueron de 118.57 mmHg en la sistólica y 76.14 mmHg en la diastólica. En la última semana de octubre, tus lecturas promedio fueron de 144.57 mmHg en la sistólica y 95.14 mmHg en la diastólica. Esto muestra un aumento tanto en la presión sistólica como en la diastólica de la primera semana a la última semana del mes.",/content/drive/MyDrive/HealthTequity-LLM/results/tts_audio/answer_7_es.wav,"{""first_week_average_systolic"": 118.57, ""first_week_average_diastolic"": 76.14, ""last_week_average_systolic"": 144.57, ""last_week_average_diastolic"": 95.14}"
8,q8_es.wav,¿Cuál fue la presión arterial diastólica más baja registrada este mes?,What was the lowest recorded diastolic blood pressure this month?,The lowest recorded diastolic blood pressure this month was 68 mmHg on October 4.,La presión arterial diastólica más baja registrada este mes fue de 68 mmHg el 4 de octubre.,/content/drive/MyDrive/HealthTequity-LLM/results/tts_audio/answer_8_es.wav,"{""lowest_diastolic_mmHg"": 68}"
9,q9_es.wav,¿Ha mejorado mi presión arterial en comparación con el mes pasado?,"""Has my blood pressure improved compared to last month?""","Yes, your blood pressure has improved compared to last month. Last month, you had several readings categorized as hypertensive, with systolic values reaching as high as 161 mmHg and diastolic values up to 102 mmHg. In contrast, your most recent readings show a systolic value of 110 mmHg and a diastolic value of 76 mmHg, which are within the normal range.","Sí, tu presión arterial ha mejorado en comparación con el mes pasado. El mes pasado, tuviste varias lecturas clasificadas como hipertensivas, con valores sistólicos que alcanzaron hasta 161 mmHg y valores diastólicos de hasta 102 mmHg. En cambio, tus lecturas más recientes muestran un valor sistólico de 110 mmHg y un valor diastólico de 76 mmHg, que están dentro del rango normal.",/content/drive/MyDrive/HealthTequity-LLM/results/tts_audio/answer_9_es.wav,"{""last_month_max_systolic"": 161, ""last_month_max_diastolic"": 102, ""today_systolic"": 110, ""today_diastolic"": 76}"
